Workbook

Sheet _ib
A1: eJy9lW1P2zAQx7+K5ddTm3ale3hXGEJCqMrUSZtAqHLsywN17GA7LaXqd8c2YXLCeOgk8iq5y//ufndnKzvMiAGNv6MdNtI/nMO+4HE0nkbT6Av+hPCacOfiTmvw3npSJcvn8qPxJJAbRQq+HC83ACu8d1HV2tA0c+Wudo2xLJjTJiLKJmlO73w9Knkjsm+N4j5jN+5bRUzubF/Y2mZbQWgLUnr7R2PXojDOdthhPrIxrXw+LshXcbIFFWaMvQfNG+FLiW+SW9MCKbQhgvqYRNU69/O+uramAlZTLzLSxxiSMUgfE42mk28j6wNRl9bjg7C2wdcBdSX1gBU6BLc5Qryy6ALO45l0ikIvM7+8lHANH0XHJXuFLhzUWbxAF5KwLu9CS3UYb0nu/ptXV2zwFP/SRId562D8khVaVADPyNfZ5muL3Kj6wwZ9L2AwfeMwbBULwT00upQCNEJ/z2mniZP1KfTcBBXmnWem1cGJrIXp4o9+Rove8KtEsMHosCXEoLQUhKNjItgre0jOZ6d9N/L+RXS7+Ocujs/lZX83mVD61k0e6qFud0FWaEYp8C56Hv9Je5u+JXcX4fMB8/fQnYvg0lJegDCP9UXNuXc+Bc1hg35LtUqkXDX/Xd78z12p/QPoEmd2
B3: DO NOT EDIT THIS SHEET

Sheet _synced_data
A1: Date | B1: Player Name | C1: Distance | D1: GPS Load | E1: Top Speed | F1: Speed Zones Distance | G1: Speed Zones Count | H1: Personal Bands Distance | I1: Personal Bands Count | J1: Peak Accel | K1: Accel Zones Count
A2: 46170 | B2: Nahuel Masciotra | C2: 2.701 | D2: 56.964 | E2: 14.189 | F2: 0 | G2: 0 | H2: 0 | I2: 0 | J2: 5.883 | K2: 7
A3: 46170 | B3: Oscar Melendez | C3: 2.93 | D3: 65.661 | E3: 15.699 | F3: 0.756 | G3: 1 | H3: 0 | I3: 0 | J3: 4.51 | K3: 2
A4: 46170 | B4: Gonzalo Carrozza | C4: 2.784 | D4: 56.709 | E4: 15.475 | F4: 0 | G4: 0 | H4: 0 | I4: 0 | J4: 4.593 | K4: 5
A5: 46170 | B5: Valentino Baldivia | C5: 2.761 | D5: 48.667 | E5: 14.849 | F5: 0 | G5: 0 | H5: 0 | I5: 0 | J5: 4.873 | K5: 6
A6: 46170 | B6: Rafael Zeni | C6: 2.33 | D6: 34.256 | E6: 14.902 | F6: 0 | G6: 0 | H6: 0 | I6: 0 | J6: 4.509 | K6: 1
A7: 46170 | B7: Seastian Munoz | C7: 3.196 | D7: 74.245 | E7: 13.574 | F7: 0 | G7: 0 | H7: 0 | I7: 0 | J7: 4.755 | K7: 4
A8: 46170 | B8: Alejandro Gomez | C8: 2.236 | D8: 45.305 | E8: 13.9 | F8: 0 | G8: 0 | H8: 0 | I8: 0 | J8: 4.658 | K8: 4
A9: 46170 | B9: Platero | C9: 3.17 | D9: 80.735 | E9: 15.753 | F9: 0.788 | G9: 1 | H9: 0 | I9: 0 | J9: 4.54 | K9: 4
A10: 46170 | B10: Lucas Appiolazza | C10: 2.757 | D10: 45.774 | E10: 16.2 | F10: 4.586 | G10: 2 | H10: 1.515 | I10: 1 | J10: 4.49 | K10: 2
A11: 46170 | B11: Ruben | C11: 2.714 | D11: 46.156 | E11: 12.847 | F11: 0 | G11: 0 | H11: 0 | I11: 0 | J11: 4.135 | K11: 2
A12: 46170 | B12: Franco Soldati | C12: 3.578 | D12: 116.773 | E12: 15.343 | F12: 0 | G12: 0 | H12: 0 | I12: 0 | J12: 5.226 | K12: 4
A13: 46170 | B13: Javi Perez | C13: 2.694 | D13: 48.064 | E13: 15.86 | F13: 1.477 | G13: 1 | H13: 0 | I13: 0 | J13: 4.946 | K13: 1
... A47: 46180 | B47: Oscar Melendez | C47: 4.961 | D47: 249.109 | E47: 19.135 | F47: 248.928 | G47: 16 | H47: 207.341 | I47: 15 | J47: 4.117 | K47: 1

Sheet pivots

Sheet bigstat
B2: AVERAGE
B3: ='_synced_data'!C$1 -> Distance | C3: ='_synced_data'!D$1 -> GPS Load | D3: ='_synced_data'!E$1 -> Top Speed | E3: ='_synced_data'!F$1 -> Speed Zones Distance | F3: ='_synced_data'!G$1 -> Speed Zones Count | G3: ='_synced_data'!H$1 -> Personal Bands Distance | H3: ='_synced_data'!I$1 -> Personal Bands Count | I3: ='_synced_data'!J$1 -> Peak Accel | J3: ='_synced_data'!K$1 -> Accel Zones Count
B4: =ROUND(AVERAGE('_synced_data'!C$2:C1000),1) -> 4 | C4: =ROUND(AVERAGE('_synced_data'!D$2:D1000),1) -> 117 | D4: =ROUND(AVERAGE('_synced_data'!E$2:E1000),1) -> 16.7 | E4: =ROUND(AVERAGE('_synced_data'!F$2:F1000),1) -> 39.1 | F4: =ROUND(AVERAGE('_synced_data'!G$2:G1000),1) -> 3.6 | G4: =ROUND(AVERAGE('_synced_data'!H$2:H1000),1) -> 317.8 | H4: =ROUND(AVERAGE('_synced_data'!I$2:I1000),1) -> 15.1 | I4: =ROUND(AVERAGE('_synced_data'!J$2:J1000),1) -> 4.8 | J4: =ROUND(AVERAGE('_synced_data'!K$2:K1000),1) -> 4.8
B7: TOTAL
B8: ='_synced_data'!C$1 -> Distance | C8: ='_synced_data'!D$1 -> GPS Load | E8: ='_synced_data'!F$1 -> Speed Zones Distance | F8: ='_synced_data'!G$1 -> Speed Zones Count | G8: ='_synced_data'!H$1 -> Personal Bands Distance | H8: ='_synced_data'!I$1 -> Personal Bands Count | J8: ='_synced_data'!K$1 -> Accel Zones Count
B9: =ROUND(SUM('_synced_data'!C$2:C1000),1) -> 182.7 | C9: =ROUND(SUM('_synced_data'!D$2:D1000),1) -> 5381.8 | E9: =ROUND(SUM('_synced_data'!F$2:F1000),1) -> 1799.7 | F9: =ROUND(SUM('_synced_data'!G$2:G1000),1) -> 164 | G9: =ROUND(SUM('_synced_data'!H$2:H1000),1) -> 14620.4 | H9: =ROUND(SUM('_synced_data'!I$2:I1000),1) -> 694 | J9: =ROUND(SUM('_synced_data'!K$2:K1000),1) -> 221

Sheet Training Report
A1: Training Report
B9: Total Distance | D9: Avg Distance | F9: Total HSR (yrd) | H9: Avg HSR (yrd) | J9: Total Personal HSR (cnt) | L9: Avg Personal HSR (cnt)
B11: =bigstat!B9 -> 182.7 | D11: =bigstat!B4 -> 4 | F11: =bigstat!E9 -> 1799.7 | H11: =bigstat!E4 -> 39.1 | J11: =bigstat!H9 -> 694 | L11: =bigstat!H4 -> 15.1
A14: =pivots!D13 -> Alejandro Gomez
